ID,Target_RMSE,Target_MAE
Kiambu_Week_52,42.895573,42.895573
Kirinyaga_Week_52,44.01226,44.01226
Mombasa_Week_52,41.46533,41.46533
Nairobi_Week_52,42.341812,42.341812
Uasin-Gishu_Week_52,41.42201,41.42201
Kiambu_Week_1,45.518333,45.518333
Kirinyaga_Week_1,45.915184,45.915184
Mombasa_Week_1,45.147797,45.147797
Nairobi_Week_1,45.356445,45.356445
Uasin-Gishu_Week_1,45.147797,45.147797
