ID,Target_RMSE,Target_MAE
Kiambu_Week_52,44.44444,44.44444
Kirinyaga_Week_52,46.66667,46.66667
Mombasa_Week_52,42.22222,42.22222
Nairobi_Week_52,42.373638,42.373638
Uasin-Gishu_Week_52,41.66667,41.66667
Kiambu_Week_1,44.44444,44.44444
Kirinyaga_Week_1,46.66667,46.66667
Mombasa_Week_1,42.22222,42.22222
Nairobi_Week_1,45.1387,45.1387
Uasin-Gishu_Week_1,41.66667,41.66667
