ID,Target_RMSE,Target_MAE
Kiambu_Week_1,45.518327,45.518327
Kiambu_Week_52,42.895582,42.895582
Kirinyaga_Week_1,45.915188,45.915188
Kirinyaga_Week_52,44.012276,44.012276
Mombasa_Week_1,45.14778,45.14778
Mombasa_Week_52,41.465335,41.465335
Nairobi_Week_1,45.35643,45.35643
Nairobi_Week_52,42.341815,42.341815
Uasin-Gishu_Week_1,43.081667,43.081667
Uasin-Gishu_Week_52,41.567219,41.567219
