ID,Target_RMSE,Target_MAE
Kiambu_Week_52,42.659645,42.659645
Kirinyaga_Week_52,43.417095,43.417095
Mombasa_Week_52,42.16697,42.16697
Nairobi_Week_52,42.30791,42.30791
Uasin-Gishu_Week_52,42.13066,42.13066
Kiambu_Week_1,47.712597,47.712597
Kirinyaga_Week_1,47.859703,47.859703
Mombasa_Week_1,48.104595,48.104595
Nairobi_Week_1,48.169197,48.169197
Uasin-Gishu_Week_1,48.00513,48.00513
